{
  "AGRICIUM": 7.2,
  "ALUMINUM": 2.7,
  "BERYL": 2.75,
  "BEXALITE": 6.900000095367432,
  "BORASE": 4.5,
  "COPPER": 8.96,
  "CORUNDUM": 4.019999980926514,
  "DIAMOND": 3.5199999809265137,
  "GOLD": 19.32,
  "HEPHAESTANITE": 3.200000047683716,
  "INERTMATERIAL": 1,
  "IRON": 7.87,
  "LARANITE": 11.5,
  "QUANTANIUM": 20.450000762939453,
  "QUARTZ": 2.6500000953674316,
  "TARANITE": 10.199999809265137,
  "TITANIUM": 4.5,
  "TUNGSTEN": 19.3,
  "ICE": 1.0,
  "SILICON": 2.336,
  "STILERON": 4.75,
  "TIN": 5.77,
  "RICCITE": 1.6,
  "TORITE": 2.80087815333514,
  "LINDINIUM": 10.6994080551273,
  "SAVRILIUM": 18.0621180218972
}